{"accuracy": 0.7560975609756098, "precision": 0.75, "recall": 0.9375, "f1": 0.8333333333333334}